{"stats":{"minecraft:picked_up":{"minecraft:glass":1,"minecraft:smooth_stone":2,"minecraft:writable_book":1,"minecraft:dark_oak_sign":1,"minecraft:grass_block":1},"minecraft:used":{"minecraft:stone_bricks":69,"minecraft:oak_fence":226,"minecraft:glass":55,"electricblocks:battery_item":7,"electricblocks:load_item":3,"minecraft:chiseled_stone_bricks":52,"minecraft:writable_book":2,"minecraft:glowstone":2,"minecraft:polished_granite_stairs":4,"minecraft:dirt":11,"minecraft:bricks":218,"electricblocks:elec_furnace_item":7,"electricblocks:bus_item":5,"minecraft:grass_block":13,"minecraft:dark_oak_sign":3,"minecraft:birch_sign":43,"minecraft:glass_pane":50,"electricblocks:lamp_item":24,"minecraft:chest":3,"electricblocks:wire_item":50,"minecraft:polished_granite":33,"electricblocks:generator_item":6,"minecraft:smooth_stone":16,"minecraft:oak_fence_gate":3,"electricblocks:transformer_item":6,"electricblocks:externalgrid_item":17,"minecraft:item_frame":3},"minecraft:custom":{"minecraft:open_chest":9,"minecraft:time_since_rest":186614,"minecraft:play_one_minute":186614,"minecraft:crouch_one_cm":456,"minecraft:sprint_one_cm":62403,"minecraft:walk_one_cm":424137,"minecraft:sneak_time":263,"minecraft:drop":5,"minecraft:jump":357,"minecraft:leave_game":15,"minecraft:time_since_death":186614,"minecraft:fly_one_cm":519324},"minecraft:dropped":{"minecraft:writable_book":1,"minecraft:glass":1,"minecraft:smooth_stone":1,"minecraft:grass_block":2}},"DataVersion":2230}