{"stats":{"minecraft:custom":{"minecraft:time_since_rest":196453,"minecraft:sprint_one_cm":64837,"minecraft:walk_one_cm":438293,"minecraft:drop":5,"minecraft:fly_one_cm":542587,"minecraft:open_chest":10,"minecraft:crouch_one_cm":456,"minecraft:play_one_minute":196453,"minecraft:sneak_time":317,"minecraft:jump":375,"minecraft:leave_game":18,"minecraft:time_since_death":196453},"minecraft:dropped":{"minecraft:writable_book":1,"minecraft:glass":1,"minecraft:smooth_stone":1,"minecraft:grass_block":2},"minecraft:used":{"minecraft:oak_fence":226,"minecraft:glass":55,"electricblocks:battery_item":7,"minecraft:writable_book":2,"minecraft:polished_granite_stairs":4,"minecraft:bricks":218,"electricblocks:bus_item":5,"minecraft:grass_block":13,"minecraft:dark_oak_sign":3,"electricblocks:lamp_item":24,"minecraft:chest":3,"minecraft:polished_granite":33,"electricblocks:generator_item":6,"electricblocks:externalgrid_item":17,"electricblocks:transformer_item":6,"minecraft:stone_bricks":69,"minecraft:item_frame":3,"electricblocks:load_item":3,"minecraft:chiseled_stone_bricks":52,"minecraft:glowstone":10,"minecraft:dirt":11,"electricblocks:elec_furnace_item":8,"minecraft:birch_sign":44,"minecraft:glass_pane":50,"electricblocks:wire_item":50,"minecraft:smooth_stone":16,"minecraft:oak_fence_gate":3},"minecraft:picked_up":{"minecraft:grass_block":1,"minecraft:glass":1,"minecraft:smooth_stone":2,"minecraft:writable_book":1,"minecraft:beef":13,"minecraft:dark_oak_sign":1}},"DataVersion":2230}