{"stats":{"minecraft:used":{"minecraft:stone_bricks":69,"minecraft:item_frame":3,"minecraft:oak_fence":219,"minecraft:glass":55,"electricblocks:battery_item":3,"electricblocks:load_item":3,"minecraft:chiseled_stone_bricks":52,"minecraft:writable_book":2,"minecraft:glowstone":2,"minecraft:polished_granite_stairs":3,"minecraft:dirt":11,"minecraft:bricks":218,"electricblocks:elec_furnace_item":7,"electricblocks:bus_item":3,"minecraft:grass_block":12,"minecraft:dark_oak_sign":3,"minecraft:birch_sign":41,"minecraft:glass_pane":50,"electricblocks:lamp_item":15,"minecraft:chest":3,"electricblocks:wire_item":33,"minecraft:polished_granite":32,"electricblocks:generator_item":3,"minecraft:smooth_stone":16,"minecraft:oak_fence_gate":3,"electricblocks:externalgrid_item":11,"electricblocks:transformer_item":6},"minecraft:custom":{"minecraft:open_chest":9,"minecraft:time_since_rest":96091,"minecraft:play_one_minute":96091,"minecraft:sprint_one_cm":37554,"minecraft:walk_one_cm":317295,"minecraft:sneak_time":111,"minecraft:drop":3,"minecraft:jump":197,"minecraft:leave_game":10,"minecraft:time_since_death":96091,"minecraft:fly_one_cm":319525},"minecraft:picked_up":{"minecraft:glass":1,"minecraft:smooth_stone":2,"minecraft:writable_book":1,"minecraft:dark_oak_sign":1},"minecraft:dropped":{"minecraft:writable_book":1,"minecraft:glass":1,"minecraft:smooth_stone":1}},"DataVersion":2230}